{
  "gemma3-27b__infer_property": {
    "by_height": {
      "h1": {
        "n": 1000,
        "positive_n": 960,
        "negative_n": 40,
        "strong_accuracy": 0.96,
        "weak_accuracy": 0.96,
        "strong_ci95": [
          0.9459900625744302,
          0.9704891907260906
        ],
        "weak_ci95": [
          0.9459900625744302,
          0.9704891907260906
        ],
        "parse_fail_rate": 0.003,
        "failure_modes": {
          "parse_error": 3
        }
      },
      "h2": {
        "n": 2000,
        "positive_n": 1153,
        "negative_n": 847,
        "strong_accuracy": 0.5765,
        "weak_accuracy": 0.7655,
        "strong_ci95": [
          0.5547181502418939,
          0.5979885307652277
        ],
        "weak_ci95": [
          0.7464329779892119,
          0.7835490325649156
        ],
        "parse_fail_rate": 0.0955,
        "failure_modes": {
          "parse_error": 191
        }
      },
      "h3": {
        "n": 3000,
        "positive_n": 1177,
        "negative_n": 1823,
        "strong_accuracy": 0.3923333333333333,
        "weak_accuracy": 0.6003333333333334,
        "strong_ci95": [
          0.3750091328146488,
          0.40993292271850584
        ],
        "weak_ci95": [
          0.5826874256616643,
          0.6177226092749317
        ],
        "parse_fail_rate": 0.08766666666666667,
        "failure_modes": {
          "parse_error": 263
        }
      },
      "h4": {
        "n": 5000,
        "positive_n": 1320,
        "negative_n": 3680,
        "strong_accuracy": 0.264,
        "weak_accuracy": 0.4242,
        "strong_ci95": [
          0.25196619907270873,
          0.2763961695522295
        ],
        "weak_ci95": [
          0.4105642237406254,
          0.437952164148232
        ],
        "parse_fail_rate": 0.1036,
        "failure_modes": {
          "parse_error": 518
        }
      }
    },
    "output_strategy": {
      "h1": {
        "entity_level": 0,
        "concept_level": 997,
        "unparseable": 3,
        "entity_frac": 0.0,
        "concept_frac": 0.997
      },
      "h2": {
        "entity_level": 20,
        "concept_level": 1789,
        "unparseable": 191,
        "entity_frac": 0.01,
        "concept_frac": 0.8945
      },
      "h3": {
        "entity_level": 86,
        "concept_level": 2651,
        "unparseable": 263,
        "entity_frac": 0.028666666666666667,
        "concept_frac": 0.8836666666666667
      },
      "h4": {
        "entity_level": 111,
        "concept_level": 4371,
        "unparseable": 518,
        "entity_frac": 0.0222,
        "concept_frac": 0.8742
      }
    },
    "error_types": {
      "h1": {
        "unnecessary": 20,
        "unclassified": 7,
        "trivial": 8,
        "wrong_direction": 5
      },
      "h2": {
        "unnecessary": 579,
        "wrong_direction": 133,
        "unclassified": 121,
        "trivial": 13,
        "hallucinated": 1
      },
      "h3": {
        "wrong_direction": 546,
        "unnecessary": 1107,
        "unclassified": 134,
        "trivial": 33,
        "hallucinated": 3
      },
      "h4": {
        "wrong_direction": 1526,
        "unclassified": 312,
        "unnecessary": 1783,
        "hallucinated": 8,
        "trivial": 51
      }
    },
    "error_types_by_structure": {
      "h1": {
        "has_direct_member": {
          "unnecessary": 20,
          "unclassified": 7,
          "trivial": 8,
          "wrong_direction": 5
        },
        "no_direct_member": {}
      },
      "h2": {
        "has_direct_member": {
          "unnecessary": 579,
          "wrong_direction": 133,
          "unclassified": 121,
          "trivial": 13,
          "hallucinated": 1
        },
        "no_direct_member": {}
      },
      "h3": {
        "has_direct_member": {
          "wrong_direction": 546,
          "unnecessary": 1107,
          "unclassified": 134,
          "trivial": 33,
          "hallucinated": 3
        },
        "no_direct_member": {}
      },
      "h4": {
        "has_direct_member": {
          "wrong_direction": 1526,
          "unclassified": 312,
          "unnecessary": 1783,
          "hallucinated": 8,
          "trivial": 51
        },
        "no_direct_member": {}
      }
    }
  },
  "gemma3-27b__infer_subtype": {
    "by_height": {
      "h1": {
        "n": 1000,
        "positive_n": 973,
        "negative_n": 27,
        "strong_accuracy": 0.973,
        "weak_accuracy": 0.974,
        "strong_ci95": [
          0.9610010105865644,
          0.9813787433507103
        ],
        "weak_ci95": [
          0.9621759154980226,
          0.9821961846420791
        ],
        "parse_fail_rate": 0.0,
        "failure_modes": {}
      },
      "h2": {
        "n": 2000,
        "positive_n": 650,
        "negative_n": 1350,
        "strong_accuracy": 0.325,
        "weak_accuracy": 0.6135,
        "strong_ci95": [
          0.30482500482787267,
          0.3458459863323069
        ],
        "weak_ci95": [
          0.591960353813923,
          0.6346044604907607
        ],
        "parse_fail_rate": 0.0675,
        "failure_modes": {
          "parse_error": 135
        }
      },
      "h3": {
        "n": 3000,
        "positive_n": 343,
        "negative_n": 2657,
        "strong_accuracy": 0.11433333333333333,
        "weak_accuracy": 0.36233333333333334,
        "strong_ci95": [
          0.10343595887173787,
          0.12621716265104815
        ],
        "weak_ci95": [
          0.34531878263331584,
          0.37970000663972714
        ],
        "parse_fail_rate": 0.019666666666666666,
        "failure_modes": {
          "parse_error": 59
        }
      },
      "h4": {
        "n": 5000,
        "positive_n": 277,
        "negative_n": 4723,
        "strong_accuracy": 0.0554,
        "weak_accuracy": 0.2396,
        "strong_ci95": [
          0.04939369774094005,
          0.0620889678973967
        ],
        "weak_ci95": [
          0.22797138645412343,
          0.2516284474015286
        ],
        "parse_fail_rate": 0.0138,
        "failure_modes": {
          "parse_error": 69
        }
      }
    },
    "output_strategy": {
      "h1": {
        "entity_level": 0,
        "concept_level": 1000,
        "unparseable": 0,
        "entity_frac": 0.0,
        "concept_frac": 1.0
      },
      "h2": {
        "entity_level": 65,
        "concept_level": 1800,
        "unparseable": 135,
        "entity_frac": 0.0325,
        "concept_frac": 0.9
      },
      "h3": {
        "entity_level": 147,
        "concept_level": 2794,
        "unparseable": 59,
        "entity_frac": 0.049,
        "concept_frac": 0.9313333333333333
      },
      "h4": {
        "entity_level": 456,
        "concept_level": 4475,
        "unparseable": 69,
        "entity_frac": 0.0912,
        "concept_frac": 0.895
      }
    },
    "error_types": {
      "h1": {
        "wrong_direction": 21,
        "unclassified": 3,
        "trivial": 2,
        "unnecessary": 1
      },
      "h2": {
        "wrong_direction": 703,
        "unnecessary": 590,
        "unclassified": 45,
        "trivial": 11,
        "hallucinated": 1
      },
      "h3": {
        "wrong_direction": 1930,
        "unclassified": 193,
        "trivial": 28,
        "unnecessary": 504,
        "hallucinated": 2
      },
      "h4": {
        "unclassified": 342,
        "wrong_direction": 3543,
        "unnecessary": 774,
        "hallucinated": 21,
        "trivial": 43
      }
    },
    "error_types_by_structure": {
      "h1": {
        "has_direct_member": {
          "wrong_direction": 21,
          "unclassified": 3,
          "trivial": 2,
          "unnecessary": 1
        },
        "no_direct_member": {}
      },
      "h2": {
        "has_direct_member": {
          "wrong_direction": 703,
          "unnecessary": 590,
          "unclassified": 45,
          "trivial": 11,
          "hallucinated": 1
        },
        "no_direct_member": {}
      },