{
  "auc_by_layer": {
    "L0": 0.695632798573975,
    "L1": 0.6581996434937611,
    "L10": 0.8311051693404634,
    "L11": 0.8533868092691622,
    "L12": 0.803921568627451,
    "L13": 0.7286096256684491,
    "L14": 0.7170231729055258,
    "L15": 0.7745098039215687,
    "L16": 0.7602495543672014,
    "L17": 0.7651515151515152,
    "L18": 0.7544563279857398,
    "L19": 0.8092691622103387,
    "L2": 0.7223707664884136,
    "L20": 0.8707664884135472,
    "L21": 0.8658645276292335,
    "L22": 0.9313725490196079,
    "L23": 0.8765597147950089,
    "L24": 0.8484848484848485,
    "L25": 0.8293226381461676,
    "L26": 0.8716577540106952,
    "L27": 0.874331550802139,
    "L28": 0.8774509803921569,
    "L29": 0.8507130124777184,
    "L3": 0.7615864527629232,
    "L30": 0.8453654188948306,
    "L31": 0.8418003565062389,
    "L32": 0.8529411764705883,
    "L33": 0.8480392156862745,
    "L4": 0.749554367201426,
    "L5": 0.7192513368983957,
    "L6": 0.8003565062388591,
    "L7": 0.7807486631016043,
    "L8": 0.8123885918003565,
    "L9": 0.7807486631016043
  },
  "created_at_utc": "2026-04-29T02:54:05.162599+00:00",
  "git_commit_sha": "ac6fddce8f0b2a1a6033350289c9aa7844650639",
  "layers_evaluated": [
    0,
    1,
    2,
    3,
    4,
    5,
    6,
    7,
    8,
    9,
    10,
    11,
    12,
    13,
    14,
    15,
    16,
    17,
    18,
    19,
    20,
    21,
    22,
    23,
    24,
    25,
    26,
    27,
    28,
    29,
    30,
    31,
    32,
    33
  ],
  "model": "google/gemma-3-4b-it",
  "model_key": "gemma3_4b",
  "pilot_jsonl": "results/stage2/pilots/layer_selection_4b/gemma3_4b_infer_property_pilot500.jsonl",
  "sample_counts": {
    "h1": 125,
    "h2": 125,
    "h3": 125,
    "h4": 125
  },
  "schema_version": 1,
  "selected_layers": [
    22,
    11,
    20
  ],
  "selection_logic": {
    "best_first_third_0_11": 11,
    "best_overall": 22,
    "best_overall_in_last_third": true,
    "third_pick_rule": "best_last_third_22_33 unless best_overall in last_third, then best_in_0_22_excluding_selected"
  },
  "task": "infer_property",
  "test_n": 100,
  "train_n": 400
}
