{
  "best_pre_output_baseline": {
    "gemma3-27b__infer_property": {
      "s3": {
        "feature_set": "b0_namefreq",
        "test_auc": 0.7109399732969952,
        "val_auc": 0.7286723538034936
      }
    },
    "gemma3-27b__infer_subtype": {
      "s3": {
        "feature_set": "b0_prompt",
        "test_auc": 0.8586819741083588,
        "val_auc": 0.863774179037337
      }
    }
  },
  "created_at_utc": "2026-04-28T01:08:47.319056+00:00",
  "filters": {
    "models": [
      "gemma3-27b"
    ],
    "split_families": [
      "s3"
    ],
    "tasks": [
      "infer_property",
      "infer_subtype"
    ]
  },
  "prompt_length_mode": "hf_tokenizer",
  "results": {
    "gemma3-27b__infer_property": {
      "s3": {
        "b0_height": {
          "n_test": 1526,
          "n_train": 6990,
          "test_auc": 0.6978826857166452,
          "val_auc": 0.7249898443985234
        },
        "b0_namefreq": {
          "n_test": 1526,
          "n_train": 6990,
          "test_auc": 0.7109399732969952,
          "val_auc": 0.7286723538034936
        },
        "b0_prompt": {
          "n_test": 1526,
          "n_train": 6990,
          "test_auc": 0.7032336099984859,
          "val_auc": 0.7334481357848073
        }
      }
    },
    "gemma3-27b__infer_subtype": {
      "s3": {
        "b0_height": {
          "n_test": 1598,
          "n_train": 7497,
          "test_auc": 0.8523383496233472,
          "val_auc": 0.8529172289698606
        },
        "b0_namefreq": {
          "n_test": 1598,
          "n_train": 7497,
          "test_auc": 0.8461646436513273,
          "val_auc": 0.8551551956815115
        },
        "b0_prompt": {
          "n_test": 1598,
          "n_train": 7497,
          "test_auc": 0.8586819741083588,
          "val_auc": 0.863774179037337
        }
      }
    }
  },
  "schema_version": 1,
  "source": "results/stage2/baselines/b0_metadata_27b_s3.json",
  "split_families": [
    "s3"
  ]
}
